{
	"pages": [ //pages数组中第一项表示应用启动页，参考：https://uniapp.dcloud.io/collocation/pages
		{
			"path" : "pages/index/index",
			"style" : {
				"navigationStyle": "custom"
			}
		},
		{
			"path": "pages/album/album",
			"style": {

			}
		},
		{
			"path": "pages/album/createCloudAlbum/createCloudAlbum",
			"style": {
				"navigationBarTitleText": "创建云相册"
			}
		},
		{
			"path": "pages/albumsDetail/albumsDetail",
			"style": {
				"navigationBarTitleText": "图册详情",
				"navigationStyle":"custom"
			}
		},
		{
            "path" : "pages/info/info",
            "style" : {}
        },
		{
		    "path" : "pages/addLabels/addLabels",
		    "style": {
		    	"navigationBarTitleText": "添加标签"
		    }
		}
        ,{
            "path" : "pages/own/own",
            "style" : {}
        }
        ,{
            "path" : "pages/login/login",
            "style" : {}
        }
        ,{
            "path" : "pages/allAlbums/allAlbums",
            "style" : {
				"navigationStyle":"custom"
			}
        }
    ],
	"globalStyle": {
		"navigationBarTextStyle": "black",
		"navigationBarTitleText": "享像派",
		"navigationBarBackgroundColor": "#ffffff",
		"backgroundColor": "#ffffff"
	},
	"condition" : { //模式配置，仅开发期间生效
		"current": 0, //当前激活的模式(list 的索引项)
		"list": [
			{
				"name": "test", //模式名称	
				"path": "pages/index/index", //启动页面，必选
				"query": "newsid=5158607" //启动参数，在页面的onLoad函数里面得到
			}
		]
	}
}
